dataset_id,participant_id,recording_id,session_id,source_file
GazeBase,1069,S_1069_S1_TEX,S1,GazeBase_v2_0/Round_1/Subject_1069/S1/S1_Reading/S_1069_S1_TEX.csv
GazeBase,1069,S_1069_S2_TEX,S2,GazeBase_v2_0/Round_1/Subject_1069/S2/S2_Reading/S_1069_S2_TEX.csv
GazeBase,1116,S_1116_S2_TEX,S2,GazeBase_v2_0/Round_1/Subject_1116/S2/S2_Reading/S_1116_S2_TEX.csv
GazeBase,1116,S_1116_S1_TEX,S1,GazeBase_v2_0/Round_1/Subject_1116/S1/S1_Reading/S_1116_S1_TEX.csv
GazeBase,1180,S_1180_S2_TEX,S2,GazeBase_v2_0/Round_1/Subject_1180/S2/S2_Reading/S_1180_S2_TEX.csv
GazeBase,1180,S_1180_S1_TEX,S1,GazeBase_v2_0/Round_1/Subject_1180/S1/S1_Reading/S_1180_S1_TEX.csv
GazeBase,1193,S_1193_S2_TEX,S2,GazeBase_v2_0/Round_1/Subject_1193/S2/S2_Reading/S_1193_S2_TEX.csv
GazeBase,1193,S_1193_S1_TEX,S1,GazeBase_v2_0/Round_1/Subject_1193/S1/S1_Reading/S_1193_S1_TEX.csv
GazeBase,1219,S_1219_S1_TEX,S1,GazeBase_v2_0/Round_1/Subject_1219/S1/S1_Reading/S_1219_S1_TEX.csv
GazeBase,1219,S_1219_S2_TEX,S2,GazeBase_v2_0/Round_1/Subject_1219/S2/S2_Reading/S_1219_S2_TEX.csv
GazeBase,1239,S_1239_S1_TEX,S1,GazeBase_v2_0/Round_1/Subject_1239/S1/S1_Reading/S_1239_S1_TEX.csv
GazeBase,1239,S_1239_S2_TEX,S2,GazeBase_v2_0/Round_1/Subject_1239/S2/S2_Reading/S_1239_S2_TEX.csv
GazeBase,1244,S_1244_S2_TEX,S2,GazeBase_v2_0/Round_1/Subject_1244/S2/S2_Reading/S_1244_S2_TEX.csv
GazeBase,1244,S_1244_S1_TEX,S1,GazeBase_v2_0/Round_1/Subject_1244/S1/S1_Reading/S_1244_S1_TEX.csv
GazeBase,1245,S_1245_S1_TEX,S1,GazeBase_v2_0/Round_1/Subject_1245/S1/S1_Reading/S_1245_S1_TEX.csv
GazeBase,1245,S_1245_S2_TEX,S2,GazeBase_v2_0/Round_1/Subject_1245/S2/S2_Reading/S_1245_S2_TEX.csv
GazeBase,1264,S_1264_S1_TEX,S1,GazeBase_v2_0/Round_1/Subject_1264/S1/S1_Reading/S_1264_S1_TEX.csv
GazeBase,1264,S_1264_S2_TEX,S2,GazeBase_v2_0/Round_1/Subject_1264/S2/S2_Reading/S_1264_S2_TEX.csv
GazeBase,1268,S_1268_S2_TEX,S2,GazeBase_v2_0/Round_1/Subject_1268/S2/S2_Reading/S_1268_S2_TEX.csv
GazeBase,1268,S_1268_S1_TEX,S1,GazeBase_v2_0/Round_1/Subject_1268/S1/S1_Reading/S_1268_S1_TEX.csv
GazeBaseVR,1037,S_1037_S1_4_TEX,S1,gazebasevr/data/S_1037_S1_4_TEX.csv
GazeBaseVR,1037,S_1037_S2_4_TEX,S2,gazebasevr/data/S_1037_S2_4_TEX.csv
GazeBaseVR,1048,S_1048_S1_4_TEX,S1,gazebasevr/data/S_1048_S1_4_TEX.csv
GazeBaseVR,1048,S_1048_S2_4_TEX,S2,gazebasevr/data/S_1048_S2_4_TEX.csv
GazeBaseVR,1063,S_1063_S1_4_TEX,S1,gazebasevr/data/S_1063_S1_4_TEX.csv
GazeBaseVR,1063,S_1063_S2_4_TEX,S2,gazebasevr/data/S_1063_S2_4_TEX.csv
GazeBaseVR,1273,S_1273_S2_4_TEX,S2,gazebasevr/data/S_1273_S2_4_TEX.csv
GazeBaseVR,1273,S_1273_S1_4_TEX,S1,gazebasevr/data/S_1273_S1_4_TEX.csv
GazeBaseVR,1274,S_1274_S1_4_TEX,S1,gazebasevr/data/S_1274_S1_4_TEX.csv
GazeBaseVR,1274,S_1274_S2_4_TEX,S2,gazebasevr/data/S_1274_S2_4_TEX.csv
GazeBaseVR,1305,S_1305_S2_4_TEX,S2,gazebasevr/data/S_1305_S2_4_TEX.csv
GazeBaseVR,1305,S_1305_S1_4_TEX,S1,gazebasevr/data/S_1305_S1_4_TEX.csv
GazeBaseVR,1323,S_1323_S1_4_TEX,S1,gazebasevr/data/S_1323_S1_4_TEX.csv
GazeBaseVR,1323,S_1323_S2_4_TEX,S2,gazebasevr/data/S_1323_S2_4_TEX.csv
GazeBaseVR,1425,S_1425_S1_4_TEX,S1,gazebasevr/data/S_1425_S1_4_TEX.csv
GazeBaseVR,1425,S_1425_S2_4_TEX,S2,gazebasevr/data/S_1425_S2_4_TEX.csv
GazeBaseVR,3284,S_3284_S1_4_TEX,S1,gazebasevr/data/S_3284_S1_4_TEX.csv
GazeBaseVR,3284,S_3284_S2_4_TEX,S2,gazebasevr/data/S_3284_S2_4_TEX.csv
GazeBaseVR,3348,S_3348_S1_4_TEX,S1,gazebasevr/data/S_3348_S1_4_TEX.csv
GazeBaseVR,3348,S_3348_S2_4_TEX,S2,gazebasevr/data/S_3348_S2_4_TEX.csv
Pedrotti,05,05_trial_045,session_1,Pedrotti/05.txt
Pedrotti,05,05_trial_019,session_1,Pedrotti/05.txt
Pedrotti,05,05_trial_030,session_1,Pedrotti/05.txt
Pedrotti,05,05_trial_008,session_1,Pedrotti/05.txt
Pedrotti,05,05_trial_007,session_1,Pedrotti/05.txt
Pedrotti,05,05_trial_048,session_1,Pedrotti/05.txt
Pedrotti,05,05_trial_037,session_1,Pedrotti/05.txt
Pedrotti,05,05_trial_012,session_1,Pedrotti/05.txt
Pedrotti,05,05_trial_040,session_1,Pedrotti/05.txt
Pedrotti,05,05_trial_020,session_1,Pedrotti/05.txt
Pedrotti,05,05_trial_015,session_1,Pedrotti/05.txt
Pedrotti,05,05_trial_043,session_1,Pedrotti/05.txt
Pedrotti,05,05_trial_035,session_1,Pedrotti/05.txt
Pedrotti,05,05_trial_042,session_1,Pedrotti/05.txt
Pedrotti,05,05_trial_032,session_1,Pedrotti/05.txt
Pedrotti,05,05_trial_009,session_1,Pedrotti/05.txt
Pedrotti,05,05_trial_014,session_1,Pedrotti/05.txt
Pedrotti,05,05_trial_011,session_1,Pedrotti/05.txt
Pedrotti,05,05_trial_038,session_1,Pedrotti/05.txt
Pedrotti,05,05_trial_044,session_1,Pedrotti/05.txt
Pedrotti,05,05_trial_003,session_1,Pedrotti/05.txt
Pedrotti,05,05_trial_036,session_1,Pedrotti/05.txt
Pedrotti,05,05_trial_023,session_1,Pedrotti/05.txt
Pedrotti,05,05_trial_018,session_1,Pedrotti/05.txt
Pedrotti,05,05_trial_028,session_1,Pedrotti/05.txt
Pedrotti,05,05_trial_025,session_1,Pedrotti/05.txt
Pedrotti,05,05_trial_026,session_1,Pedrotti/05.txt
Pedrotti,05,05_trial_029,session_1,Pedrotti/05.txt
Pedrotti,05,05_trial_005,session_1,Pedrotti/05.txt
Pedrotti,05,05_trial_046,session_1,Pedrotti/05.txt
Pedrotti,05,05_trial_031,session_1,Pedrotti/05.txt
Pedrotti,05,05_trial_022,session_1,Pedrotti/05.txt
Pedrotti,05,05_trial_017,session_1,Pedrotti/05.txt
Pedrotti,05,05_trial_024,session_1,Pedrotti/05.txt
Pedrotti,05,05_trial_001,session_1,Pedrotti/05.txt
Pedrotti,05,05_trial_013,session_1,Pedrotti/05.txt
Pedrotti,05,05_trial_039,session_1,Pedrotti/05.txt
Pedrotti,05,05_trial_006,session_1,Pedrotti/05.txt
Pedrotti,05,05_trial_016,session_1,Pedrotti/05.txt
Pedrotti,05,05_trial_047,session_1,Pedrotti/05.txt
Pedrotti,13,13_trial_095,session_1,Pedrotti/13.txt
Pedrotti,13,13_trial_088,session_1,Pedrotti/13.txt
Pedrotti,13,13_trial_055,session_1,Pedrotti/13.txt
Pedrotti,13,13_trial_077,session_1,Pedrotti/13.txt
Pedrotti,13,13_trial_089,session_1,Pedrotti/13.txt
Pedrotti,13,13_trial_074,session_1,Pedrotti/13.txt
Pedrotti,13,13_trial_065,session_1,Pedrotti/13.txt
Pedrotti,13,13_trial_081,session_1,Pedrotti/13.txt
Pedrotti,13,13_trial_076,session_1,Pedrotti/13.txt
Pedrotti,13,13_trial_054,session_1,Pedrotti/13.txt
Pedrotti,13,13_trial_092,session_1,Pedrotti/13.txt
Pedrotti,13,13_trial_085,session_1,Pedrotti/13.txt
Pedrotti,13,13_trial_068,session_1,Pedrotti/13.txt
Pedrotti,13,13_trial_078,session_1,Pedrotti/13.txt
Pedrotti,13,13_trial_086,session_1,Pedrotti/13.txt
Pedrotti,13,13_trial_061,session_1,Pedrotti/13.txt
Pedrotti,13,13_trial_057,session_1,Pedrotti/13.txt
Pedrotti,13,13_trial_050,session_1,Pedrotti/13.txt
Pedrotti,13,13_trial_084,session_1,Pedrotti/13.txt
Pedrotti,13,13_trial_082,session_1,Pedrotti/13.txt
Pedrotti,13,13_trial_083,session_1,Pedrotti/13.txt
Pedrotti,13,13_trial_091,session_1,Pedrotti/13.txt
Pedrotti,13,13_trial_090,session_1,Pedrotti/13.txt
Pedrotti,13,13_trial_051,session_1,Pedrotti/13.txt
Pedrotti,13,13_trial_053,session_1,Pedrotti/13.txt
Pedrotti,13,13_trial_075,session_1,Pedrotti/13.txt
Pedrotti,13,13_trial_062,session_1,Pedrotti/13.txt
Pedrotti,13,13_trial_071,session_1,Pedrotti/13.txt
Pedrotti,13,13_trial_064,session_1,Pedrotti/13.txt
Pedrotti,13,13_trial_052,session_1,Pedrotti/13.txt
Pedrotti,13,13_trial_096,session_1,Pedrotti/13.txt
Pedrotti,13,13_trial_063,session_1,Pedrotti/13.txt
Pedrotti,13,13_trial_066,session_1,Pedrotti/13.txt
Pedrotti,13,13_trial_087,session_1,Pedrotti/13.txt
Pedrotti,13,13_trial_079,session_1,Pedrotti/13.txt
Pedrotti,13,13_trial_094,session_1,Pedrotti/13.txt
Pedrotti,13,13_trial_072,session_1,Pedrotti/13.txt
Pedrotti,13,13_trial_056,session_1,Pedrotti/13.txt
Pedrotti,13,13_trial_058,session_1,Pedrotti/13.txt
Pedrotti,13,13_trial_059,session_1,Pedrotti/13.txt
Pedrotti,16,16_trial_037,session_1,Pedrotti/16.txt
Pedrotti,16,16_trial_036,session_1,Pedrotti/16.txt
Pedrotti,16,16_trial_046,session_1,Pedrotti/16.txt
Pedrotti,16,16_trial_013,session_1,Pedrotti/16.txt
Pedrotti,16,16_trial_035,session_1,Pedrotti/16.txt
Pedrotti,16,16_trial_010,session_1,Pedrotti/16.txt
Pedrotti,16,16_trial_028,session_1,Pedrotti/16.txt
Pedrotti,16,16_trial_029,session_1,Pedrotti/16.txt
Pedrotti,16,16_trial_014,session_1,Pedrotti/16.txt
Pedrotti,16,16_trial_030,session_1,Pedrotti/16.txt
Pedrotti,16,16_trial_002,session_1,Pedrotti/16.txt
Pedrotti,16,16_trial_045,session_1,Pedrotti/16.txt
Pedrotti,16,16_trial_033,session_1,Pedrotti/16.txt
Pedrotti,16,16_trial_005,session_1,Pedrotti/16.txt
Pedrotti,16,16_trial_027,session_1,Pedrotti/16.txt
Pedrotti,16,16_trial_041,session_1,Pedrotti/16.txt
Pedrotti,16,16_trial_009,session_1,Pedrotti/16.txt
Pedrotti,16,16_trial_024,session_1,Pedrotti/16.txt
Pedrotti,16,16_trial_021,session_1,Pedrotti/16.txt
Pedrotti,16,16_trial_048,session_1,Pedrotti/16.txt
Pedrotti,16,16_trial_025,session_1,Pedrotti/16.txt
Pedrotti,16,16_trial_006,session_1,Pedrotti/16.txt
Pedrotti,16,16_trial_003,session_1,Pedrotti/16.txt
Pedrotti,16,16_trial_008,session_1,Pedrotti/16.txt
Pedrotti,16,16_trial_016,session_1,Pedrotti/16.txt
Pedrotti,16,16_trial_039,session_1,Pedrotti/16.txt
Pedrotti,16,16_trial_015,session_1,Pedrotti/16.txt
Pedrotti,16,16_trial_031,session_1,Pedrotti/16.txt
Pedrotti,16,16_trial_044,session_1,Pedrotti/16.txt
Pedrotti,16,16_trial_018,session_1,Pedrotti/16.txt
Pedrotti,16,16_trial_020,session_1,Pedrotti/16.txt
Pedrotti,16,16_trial_001,session_1,Pedrotti/16.txt
Pedrotti,16,16_trial_017,session_1,Pedrotti/16.txt
Pedrotti,16,16_trial_026,session_1,Pedrotti/16.txt
Pedrotti,16,16_trial_032,session_1,Pedrotti/16.txt
Pedrotti,16,16_trial_012,session_1,Pedrotti/16.txt
Pedrotti,16,16_trial_004,session_1,Pedrotti/16.txt
Pedrotti,16,16_trial_022,session_1,Pedrotti/16.txt
Pedrotti,16,16_trial_040,session_1,Pedrotti/16.txt
Pedrotti,16,16_trial_047,session_1,Pedrotti/16.txt
Pedrotti,17,17_trial_076,session_1,Pedrotti/17.txt
Pedrotti,17,17_trial_072,session_1,Pedrotti/17.txt
Pedrotti,17,17_trial_054,session_1,Pedrotti/17.txt
Pedrotti,17,17_trial_082,session_1,Pedrotti/17.txt
Pedrotti,17,17_trial_068,session_1,Pedrotti/17.txt
Pedrotti,17,17_trial_066,session_1,Pedrotti/17.txt
Pedrotti,17,17_trial_051,session_1,Pedrotti/17.txt
Pedrotti,17,17_trial_075,session_1,Pedrotti/17.txt
Pedrotti,17,17_trial_060,session_1,Pedrotti/17.txt
Pedrotti,17,17_trial_078,session_1,Pedrotti/17.txt
Pedrotti,17,17_trial_073,session_1,Pedrotti/17.txt
Pedrotti,17,17_trial_062,session_1,Pedrotti/17.txt
Pedrotti,17,17_trial_088,session_1,Pedrotti/17.txt
Pedrotti,17,17_trial_080,session_1,Pedrotti/17.txt
Pedrotti,17,17_trial_065,session_1,Pedrotti/17.txt
Pedrotti,17,17_trial_084,session_1,Pedrotti/17.txt
Pedrotti,17,17_trial_052,session_1,Pedrotti/17.txt
Pedrotti,17,17_trial_081,session_1,Pedrotti/17.txt
Pedrotti,17,17_trial_067,session_1,Pedrotti/17.txt
Pedrotti,17,17_trial_096,session_1,Pedrotti/17.txt
Pedrotti,17,17_trial_074,session_1,Pedrotti/17.txt
Pedrotti,17,17_trial_053,session_1,Pedrotti/17.txt
Pedrotti,17,17_trial_085,session_1,Pedrotti/17.txt
Pedrotti,17,17_trial_058,session_1,Pedrotti/17.txt
Pedrotti,17,17_trial_089,session_1,Pedrotti/17.txt
Pedrotti,17,17_trial_087,session_1,Pedrotti/17.txt
Pedrotti,17,17_trial_094,session_1,Pedrotti/17.txt
Pedrotti,17,17_trial_055,session_1,Pedrotti/17.txt
Pedrotti,17,17_trial_063,session_1,Pedrotti/17.txt
Pedrotti,17,17_trial_056,session_1,Pedrotti/17.txt
Pedrotti,17,17_trial_090,session_1,Pedrotti/17.txt
Pedrotti,17,17_trial_086,session_1,Pedrotti/17.txt
Pedrotti,17,17_trial_091,session_1,Pedrotti/17.txt
Pedrotti,17,17_trial_049,session_1,Pedrotti/17.txt
Pedrotti,17,17_trial_077,session_1,Pedrotti/17.txt
Pedrotti,17,17_trial_093,session_1,Pedrotti/17.txt
Pedrotti,17,17_trial_061,session_1,Pedrotti/17.txt
Pedrotti,17,17_trial_070,session_1,Pedrotti/17.txt
Pedrotti,17,17_trial_059,session_1,Pedrotti/17.txt
Pedrotti,17,17_trial_071,session_1,Pedrotti/17.txt
Pedrotti,20,20_trial_002,session_1,Pedrotti/20.txt
Pedrotti,20,20_trial_008,session_1,Pedrotti/20.txt
Pedrotti,20,20_trial_047,session_1,Pedrotti/20.txt
Pedrotti,20,20_trial_021,session_1,Pedrotti/20.txt
Pedrotti,20,20_trial_013,session_1,Pedrotti/20.txt
Pedrotti,20,20_trial_024,session_1,Pedrotti/20.txt
Pedrotti,20,20_trial_039,session_1,Pedrotti/20.txt
Pedrotti,20,20_trial_046,session_1,Pedrotti/20.txt
Pedrotti,20,20_trial_025,session_1,Pedrotti/20.txt
Pedrotti,20,20_trial_028,session_1,Pedrotti/20.txt
Pedrotti,20,20_trial_009,session_1,Pedrotti/20.txt
Pedrotti,20,20_trial_007,session_1,Pedrotti/20.txt
Pedrotti,20,20_trial_038,session_1,Pedrotti/20.txt
Pedrotti,20,20_trial_048,session_1,Pedrotti/20.txt
Pedrotti,20,20_trial_018,session_1,Pedrotti/20.txt
Pedrotti,20,20_trial_020,session_1,Pedrotti/20.txt
Pedrotti,20,20_trial_034,session_1,Pedrotti/20.txt
Pedrotti,20,20_trial_042,session_1,Pedrotti/20.txt
Pedrotti,20,20_trial_003,session_1,Pedrotti/20.txt
Pedrotti,20,20_trial_029,session_1,Pedrotti/20.txt
Pedrotti,20,20_trial_005,session_1,Pedrotti/20.txt
Pedrotti,20,20_trial_010,session_1,Pedrotti/20.txt
Pedrotti,20,20_trial_041,session_1,Pedrotti/20.txt
Pedrotti,20,20_trial_014,session_1,Pedrotti/20.txt
Pedrotti,20,20_trial_030,session_1,Pedrotti/20.txt
Pedrotti,20,20_trial_019,session_1,Pedrotti/20.txt
Pedrotti,20,20_trial_037,session_1,Pedrotti/20.txt
Pedrotti,20,20_trial_023,session_1,Pedrotti/20.txt
Pedrotti,20,20_trial_045,session_1,Pedrotti/20.txt
Pedrotti,20,20_trial_006,session_1,Pedrotti/20.txt
Pedrotti,20,20_trial_012,session_1,Pedrotti/20.txt
Pedrotti,20,20_trial_017,session_1,Pedrotti/20.txt
Pedrotti,20,20_trial_032,session_1,Pedrotti/20.txt
Pedrotti,20,20_trial_016,session_1,Pedrotti/20.txt
Pedrotti,20,20_trial_011,session_1,Pedrotti/20.txt
Pedrotti,20,20_trial_022,session_1,Pedrotti/20.txt
Pedrotti,20,20_trial_026,session_1,Pedrotti/20.txt
Pedrotti,20,20_trial_015,session_1,Pedrotti/20.txt
Pedrotti,20,20_trial_044,session_1,Pedrotti/20.txt
Pedrotti,20,20_trial_031,session_1,Pedrotti/20.txt
Pedrotti,23,23_trial_084,session_1,Pedrotti/23.txt
Pedrotti,23,23_trial_075,session_1,Pedrotti/23.txt
Pedrotti,23,23_trial_069,session_1,Pedrotti/23.txt
Pedrotti,23,23_trial_065,session_1,Pedrotti/23.txt
Pedrotti,23,23_trial_095,session_1,Pedrotti/23.txt
Pedrotti,23,23_trial_094,session_1,Pedrotti/23.txt
Pedrotti,23,23_trial_074,session_1,Pedrotti/23.txt
Pedrotti,23,23_trial_070,session_1,Pedrotti/23.txt
Pedrotti,23,23_trial_081,session_1,Pedrotti/23.txt
Pedrotti,23,23_trial_076,session_1,Pedrotti/23.txt
Pedrotti,23,23_trial_060,session_1,Pedrotti/23.txt
Pedrotti,23,23_trial_082,session_1,Pedrotti/23.txt
Pedrotti,23,23_trial_059,session_1,Pedrotti/23.txt
Pedrotti,23,23_trial_077,session_1,Pedrotti/23.txt
Pedrotti,23,23_trial_051,session_1,Pedrotti/23.txt
Pedrotti,23,23_trial_080,session_1,Pedrotti/23.txt
Pedrotti,23,23_trial_087,session_1,Pedrotti/23.txt
Pedrotti,23,23_trial_062,session_1,Pedrotti/23.txt
Pedrotti,23,23_trial_061,session_1,Pedrotti/23.txt
Pedrotti,23,23_trial_068,session_1,Pedrotti/23.txt
Pedrotti,23,23_trial_053,session_1,Pedrotti/23.txt
Pedrotti,23,23_trial_055,session_1,Pedrotti/23.txt
Pedrotti,23,23_trial_058,session_1,Pedrotti/23.txt
Pedrotti,23,23_trial_054,session_1,Pedrotti/23.txt
Pedrotti,23,23_trial_090,session_1,Pedrotti/23.txt
Pedrotti,23,23_trial_066,session_1,Pedrotti/23.txt
Pedrotti,23,23_trial_089,session_1,Pedrotti/23.txt
Pedrotti,23,23_trial_096,session_1,Pedrotti/23.txt
Pedrotti,23,23_trial_083,session_1,Pedrotti/23.txt
Pedrotti,23,23_trial_063,session_1,Pedrotti/23.txt
Pedrotti,23,23_trial_073,session_1,Pedrotti/23.txt
Pedrotti,23,23_trial_050,session_1,Pedrotti/23.txt
Pedrotti,23,23_trial_079,session_1,Pedrotti/23.txt
Pedrotti,23,23_trial_078,session_1,Pedrotti/23.txt
Pedrotti,23,23_trial_085,session_1,Pedrotti/23.txt
Pedrotti,23,23_trial_057,session_1,Pedrotti/23.txt
Pedrotti,23,23_trial_067,session_1,Pedrotti/23.txt
Pedrotti,23,23_trial_064,session_1,Pedrotti/23.txt
Pedrotti,23,23_trial_092,session_1,Pedrotti/23.txt
Pedrotti,23,23_trial_052,session_1,Pedrotti/23.txt
Pedrotti,25,25_trial_072,session_1,Pedrotti/25.txt
Pedrotti,25,25_trial_096,session_1,Pedrotti/25.txt
Pedrotti,25,25_trial_063,session_1,Pedrotti/25.txt
Pedrotti,25,25_trial_054,session_1,Pedrotti/25.txt
Pedrotti,25,25_trial_060,session_1,Pedrotti/25.txt
Pedrotti,25,25_trial_085,session_1,Pedrotti/25.txt
Pedrotti,25,25_trial_055,session_1,Pedrotti/25.txt
Pedrotti,25,25_trial_065,session_1,Pedrotti/25.txt
Pedrotti,25,25_trial_062,session_1,Pedrotti/25.txt
Pedrotti,25,25_trial_067,session_1,Pedrotti/25.txt
Pedrotti,25,25_trial_057,session_1,Pedrotti/25.txt
Pedrotti,25,25_trial_056,session_1,Pedrotti/25.txt
Pedrotti,25,25_trial_086,session_1,Pedrotti/25.txt
Pedrotti,25,25_trial_095,session_1,Pedrotti/25.txt
Pedrotti,25,25_trial_074,session_1,Pedrotti/25.txt
Pedrotti,25,25_trial_069,session_1,Pedrotti/25.txt
Pedrotti,25,25_trial_081,session_1,Pedrotti/25.txt
Pedrotti,25,25_trial_073,session_1,Pedrotti/25.txt
Pedrotti,25,25_trial_066,session_1,Pedrotti/25.txt
Pedrotti,25,25_trial_064,session_1,Pedrotti/25.txt
Pedrotti,25,25_trial_050,session_1,Pedrotti/25.txt
Pedrotti,25,25_trial_082,session_1,Pedrotti/25.txt
Pedrotti,25,25_trial_075,session_1,Pedrotti/25.txt
Pedrotti,25,25_trial_049,session_1,Pedrotti/25.txt
Pedrotti,25,25_trial_079,session_1,Pedrotti/25.txt
Pedrotti,25,25_trial_087,session_1,Pedrotti/25.txt
Pedrotti,25,25_trial_078,session_1,Pedrotti/25.txt
Pedrotti,25,25_trial_076,session_1,Pedrotti/25.txt
Pedrotti,25,25_trial_068,session_1,Pedrotti/25.txt
Pedrotti,25,25_trial_051,session_1,Pedrotti/25.txt
Pedrotti,25,25_trial_059,session_1,Pedrotti/25.txt
Pedrotti,25,25_trial_089,session_1,Pedrotti/25.txt
Pedrotti,25,25_trial_053,session_1,Pedrotti/25.txt
Pedrotti,25,25_trial_084,session_1,Pedrotti/25.txt
Pedrotti,25,25_trial_091,session_1,Pedrotti/25.txt
Pedrotti,25,25_trial_088,session_1,Pedrotti/25.txt
Pedrotti,25,25_trial_052,session_1,Pedrotti/25.txt
Pedrotti,25,25_trial_070,session_1,Pedrotti/25.txt
Pedrotti,25,25_trial_093,session_1,Pedrotti/25.txt
Pedrotti,25,25_trial_080,session_1,Pedrotti/25.txt
Pedrotti,28,28_trial_027,session_1,Pedrotti/28.txt
Pedrotti,28,28_trial_014,session_1,Pedrotti/28.txt
Pedrotti,28,28_trial_017,session_1,Pedrotti/28.txt
Pedrotti,28,28_trial_026,session_1,Pedrotti/28.txt
Pedrotti,28,28_trial_008,session_1,Pedrotti/28.txt
Pedrotti,28,28_trial_012,session_1,Pedrotti/28.txt
Pedrotti,28,28_trial_036,session_1,Pedrotti/28.txt
Pedrotti,28,28_trial_006,session_1,Pedrotti/28.txt
Pedrotti,28,28_trial_039,session_1,Pedrotti/28.txt
Pedrotti,28,28_trial_042,session_1,Pedrotti/28.txt
Pedrotti,28,28_trial_021,session_1,Pedrotti/28.txt
Pedrotti,28,28_trial_038,session_1,Pedrotti/28.txt
Pedrotti,28,28_trial_048,session_1,Pedrotti/28.txt
Pedrotti,28,28_trial_001,session_1,Pedrotti/28.txt
Pedrotti,28,28_trial_003,session_1,Pedrotti/28.txt
Pedrotti,28,28_trial_043,session_1,Pedrotti/28.txt
Pedrotti,28,28_trial_013,session_1,Pedrotti/28.txt
Pedrotti,28,28_trial_023,session_1,Pedrotti/28.txt
Pedrotti,28,28_trial_035,session_1,Pedrotti/28.txt
Pedrotti,28,28_trial_029,session_1,Pedrotti/28.txt
Pedrotti,28,28_trial_037,session_1,Pedrotti/28.txt
Pedrotti,28,28_trial_004,session_1,Pedrotti/28.txt
Pedrotti,28,28_trial_046,session_1,Pedrotti/28.txt
Pedrotti,28,28_trial_024,session_1,Pedrotti/28.txt
Pedrotti,28,28_trial_002,session_1,Pedrotti/28.txt
Pedrotti,28,28_trial_034,session_1,Pedrotti/28.txt
Pedrotti,28,28_trial_009,session_1,Pedrotti/28.txt
Pedrotti,28,28_trial_019,session_1,Pedrotti/28.txt
Pedrotti,28,28_trial_018,session_1,Pedrotti/28.txt
Pedrotti,28,28_trial_031,session_1,Pedrotti/28.txt
Pedrotti,28,28_trial_020,session_1,Pedrotti/28.txt
Pedrotti,28,28_trial_010,session_1,Pedrotti/28.txt
Pedrotti,28,28_trial_047,session_1,Pedrotti/28.txt
Pedrotti,28,28_trial_045,session_1,Pedrotti/28.txt
Pedrotti,28,28_trial_041,session_1,Pedrotti/28.txt
Pedrotti,28,28_trial_011,session_1,Pedrotti/28.txt
Pedrotti,28,28_trial_022,session_1,Pedrotti/28.txt
Pedrotti,28,28_trial_016,session_1,Pedrotti/28.txt
Pedrotti,28,28_trial_040,session_1,Pedrotti/28.txt
Pedrotti,28,28_trial_015,session_1,Pedrotti/28.txt
Pedrotti,31,31_trial_072,session_1,Pedrotti/31.txt
Pedrotti,31,31_trial_077,session_1,Pedrotti/31.txt
Pedrotti,31,31_trial_082,session_1,Pedrotti/31.txt
Pedrotti,31,31_trial_065,session_1,Pedrotti/31.txt
Pedrotti,31,31_trial_056,session_1,Pedrotti/31.txt
Pedrotti,31,31_trial_069,session_1,Pedrotti/31.txt
Pedrotti,31,31_trial_059,session_1,Pedrotti/31.txt
Pedrotti,31,31_trial_075,session_1,Pedrotti/31.txt
Pedrotti,31,31_trial_080,session_1,Pedrotti/31.txt
Pedrotti,31,31_trial_091,session_1,Pedrotti/31.txt
Pedrotti,31,31_trial_092,session_1,Pedrotti/31.txt
Pedrotti,31,31_trial_073,session_1,Pedrotti/31.txt
Pedrotti,31,31_trial_071,session_1,Pedrotti/31.txt
Pedrotti,31,31_trial_063,session_1,Pedrotti/31.txt
Pedrotti,31,31_trial_066,session_1,Pedrotti/31.txt
Pedrotti,31,31_trial_062,session_1,Pedrotti/31.txt
Pedrotti,31,31_trial_079,session_1,Pedrotti/31.txt
Pedrotti,31,31_trial_049,session_1,Pedrotti/31.txt
Pedrotti,31,31_trial_095,session_1,Pedrotti/31.txt
Pedrotti,31,31_trial_084,session_1,Pedrotti/31.txt
Pedrotti,31,31_trial_078,session_1,Pedrotti/31.txt
Pedrotti,31,31_trial_054,session_1,Pedrotti/31.txt
Pedrotti,31,31_trial_053,session_1,Pedrotti/31.txt
Pedrotti,31,31_trial_087,session_1,Pedrotti/31.txt
Pedrotti,31,31_trial_093,session_1,Pedrotti/31.txt
Pedrotti,31,31_trial_050,session_1,Pedrotti/31.txt
Pedrotti,31,31_trial_052,session_1,Pedrotti/31.txt
Pedrotti,31,31_trial_067,session_1,Pedrotti/31.txt
Pedrotti,31,31_trial_085,session_1,Pedrotti/31.txt
Pedrotti,31,31_trial_061,session_1,Pedrotti/31.txt
Pedrotti,31,31_trial_068,session_1,Pedrotti/31.txt
Pedrotti,31,31_trial_074,session_1,Pedrotti/31.txt
Pedrotti,31,31_trial_076,session_1,Pedrotti/31.txt
Pedrotti,31,31_trial_083,session_1,Pedrotti/31.txt
Pedrotti,31,31_trial_086,session_1,Pedrotti/31.txt
Pedrotti,31,31_trial_057,session_1,Pedrotti/31.txt
Pedrotti,31,31_trial_094,session_1,Pedrotti/31.txt
Pedrotti,31,31_trial_064,session_1,Pedrotti/31.txt
Pedrotti,31,31_trial_051,session_1,Pedrotti/31.txt
Pedrotti,31,31_trial_055,session_1,Pedrotti/31.txt
Pedrotti,36,36_trial_003,session_1,Pedrotti/36.txt
Pedrotti,36,36_trial_018,session_1,Pedrotti/36.txt
Pedrotti,36,36_trial_017,session_1,Pedrotti/36.txt
Pedrotti,36,36_trial_048,session_1,Pedrotti/36.txt
Pedrotti,36,36_trial_001,session_1,Pedrotti/36.txt
Pedrotti,36,36_trial_006,session_1,Pedrotti/36.txt
Pedrotti,36,36_trial_034,session_1,Pedrotti/36.txt
Pedrotti,36,36_trial_022,session_1,Pedrotti/36.txt
Pedrotti,36,36_trial_009,session_1,Pedrotti/36.txt
Pedrotti,36,36_trial_044,session_1,Pedrotti/36.txt
Pedrotti,36,36_trial_041,session_1,Pedrotti/36.txt
Pedrotti,36,36_trial_025,session_1,Pedrotti/36.txt
Pedrotti,36,36_trial_015,session_1,Pedrotti/36.txt
Pedrotti,36,36_trial_035,session_1,Pedrotti/36.txt
Pedrotti,36,36_trial_043,session_1,Pedrotti/36.txt
Pedrotti,36,36_trial_011,session_1,Pedrotti/36.txt
Pedrotti,36,36_trial_013,session_1,Pedrotti/36.txt
Pedrotti,36,36_trial_014,session_1,Pedrotti/36.txt
Pedrotti,36,36_trial_002,session_1,Pedrotti/36.txt
Pedrotti,36,36_trial_033,session_1,Pedrotti/36.txt
Pedrotti,36,36_trial_045,session_1,Pedrotti/36.txt
Pedrotti,36,36_trial_010,session_1,Pedrotti/36.txt
Pedrotti,36,36_trial_046,session_1,Pedrotti/36.txt
Pedrotti,36,36_trial_038,session_1,Pedrotti/36.txt
Pedrotti,36,36_trial_005,session_1,Pedrotti/36.txt
Pedrotti,36,36_trial_039,session_1,Pedrotti/36.txt
Pedrotti,36,36_trial_004,session_1,Pedrotti/36.txt
Pedrotti,36,36_trial_040,session_1,Pedrotti/36.txt
Pedrotti,36,36_trial_020,session_1,Pedrotti/36.txt
Pedrotti,36,36_trial_028,session_1,Pedrotti/36.txt
Pedrotti,36,36_trial_026,session_1,Pedrotti/36.txt
Pedrotti,36,36_trial_027,session_1,Pedrotti/36.txt
Pedrotti,36,36_trial_008,session_1,Pedrotti/36.txt
Pedrotti,36,36_trial_032,session_1,Pedrotti/36.txt
Pedrotti,36,36_trial_007,session_1,Pedrotti/36.txt
Pedrotti,36,36_trial_042,session_1,Pedrotti/36.txt
Pedrotti,36,36_trial_019,session_1,Pedrotti/36.txt
Pedrotti,36,36_trial_030,session_1,Pedrotti/36.txt
Pedrotti,36,36_trial_031,session_1,Pedrotti/36.txt
Pedrotti,36,36_trial_012,session_1,Pedrotti/36.txt
ZuCo,YAC,YAC_NR7_ET,NR7,ZUCO/YAC/YAC_NR7_ET.mat
ZuCo,YAC,YAC_NR4_ET,NR4,ZUCO/YAC/YAC_NR4_ET.mat
ZuCo,YAG,YAG_NR3_ET,NR3,ZUCO/YAG/YAG_NR3_ET.mat
ZuCo,YAG,YAG_NR5_ET,NR5,ZUCO/YAG/YAG_NR5_ET.mat
ZuCo,YAK,YAK_NR6_ET,NR6,ZUCO/YAK/YAK_NR6_ET.mat
ZuCo,YAK,YAK_NR3_ET,NR3,ZUCO/YAK/YAK_NR3_ET.mat
ZuCo,YDG,YDG_NR5_ET,NR5,ZUCO/YDG/YDG_NR5_ET.mat
ZuCo,YDG,YDG_NR4_ET,NR4,ZUCO/YDG/YDG_NR4_ET.mat
ZuCo,YDR,YDR_NR3_ET,NR3,ZUCO/YDR/YDR_NR3_ET.mat
ZuCo,YDR,YDR_NR5_ET,NR5,ZUCO/YDR/YDR_NR5_ET.mat
ZuCo,YFR,YFR_NR5_ET,NR5,ZUCO/YFR/YFR_NR5_ET.mat
ZuCo,YFR,YFR_NR6_ET,NR6,ZUCO/YFR/YFR_NR6_ET.mat
ZuCo,YFS,YFS_NR4_ET,NR4,ZUCO/YFS/YFS_NR4_ET.mat
ZuCo,YFS,YFS_NR1_ET,NR1,ZUCO/YFS/YFS_NR1_ET.mat
ZuCo,YHS,YHS_NR2_ET,NR2,ZUCO/YHS/YHS_NR2_ET.mat
ZuCo,YHS,YHS_NR4_ET,NR4,ZUCO/YHS/YHS_NR4_ET.mat
ZuCo,YIS,YIS_NR5_ET,NR5,ZUCO/YIS/YIS_NR5_ET.mat
ZuCo,YIS,YIS_NR6_ET,NR6,ZUCO/YIS/YIS_NR6_ET.mat
ZuCo,YLS,YLS_NR7_ET,NR7,ZUCO/YLS/YLS_NR7_ET.mat
ZuCo,YLS,YLS_NR1_ET,NR1,ZUCO/YLS/YLS_NR1_ET.mat
