district,year,sensor_id2,panel_column,n_gaps_written
3,2017,1,1,5
3,2017,5,5,5
3,2017,9,9,5
3,2017,12,12,5
3,2017,19,19,5
3,2017,20,20,5
3,2017,32,29,5
3,2017,37,34,5
3,2017,41,38,5
3,2017,48,42,5
3,2017,49,43,5
3,2017,52,46,5
3,2017,67,60,5
3,2017,69,62,5
3,2017,72,65,5
3,2017,76,68,5
3,2017,90,82,5
3,2017,92,84,5
3,2017,93,85,5
3,2017,95,87,5
3,2017,99,91,5
3,2017,103,95,5
3,2017,107,98,5
3,2017,114,103,5
3,2017,118,104,5
3,2017,123,108,5
3,2017,124,109,5
3,2017,133,117,5
3,2017,138,122,5
3,2017,139,123,5
3,2017,141,125,5
3,2017,150,133,5
3,2017,159,142,5
3,2017,161,144,5
3,2017,163,146,5
3,2017,179,158,5
3,2017,181,159,5
3,2017,187,165,5
3,2017,188,166,5
3,2017,191,169,5
3,2017,194,172,5
3,2017,197,175,5
3,2017,200,178,5
3,2017,214,190,5
3,2017,217,192,5
3,2017,219,194,5
3,2017,220,195,5
3,2017,223,197,5
3,2017,224,198,5
3,2017,225,199,5
3,2017,239,211,5
3,2017,240,212,5
3,2017,250,221,5
3,2017,252,223,5
3,2017,253,224,5
3,2017,273,234,5
3,2017,274,235,5
3,2017,277,238,5
3,2017,278,239,5
3,2017,284,245,5
3,2017,289,250,5
3,2017,293,254,5
3,2017,300,260,5
3,2017,308,267,5
3,2017,309,268,5
3,2017,315,274,5
3,2017,319,278,5
3,2017,320,279,5
3,2017,324,283,5
3,2017,352,303,5
3,2017,355,306,5
3,2017,359,310,5
3,2017,360,311,5
3,2017,362,313,5
3,2017,367,318,5
3,2017,375,325,5
3,2017,376,326,5
3,2017,378,328,5
3,2017,379,329,5
3,2017,380,330,5
3,2017,390,339,5
3,2017,391,340,5
3,2017,393,342,5
3,2017,395,344,5
3,2017,396,345,5
3,2017,398,347,5
3,2017,413,360,5
3,2017,419,366,5
3,2017,422,367,5
3,2017,425,370,5
3,2017,426,371,5
3,2017,435,376,5
3,2017,438,379,5
3,2017,441,382,5
3,2017,446,387,5
3,2017,447,388,5
3,2017,451,390,5
3,2017,457,396,5
3,2017,476,405,5
3,2017,477,406,5
3,2018,7,7,5
3,2018,9,9,5
3,2018,10,10,5
3,2018,13,13,5
3,2018,14,14,5
3,2018,16,16,5
3,2018,17,17,5
3,2018,20,20,5
3,2018,24,21,5
3,2018,29,26,5
3,2018,30,27,5
3,2018,36,33,5
3,2018,38,35,5
3,2018,47,41,5
3,2018,48,42,5
3,2018,49,43,5
3,2018,52,46,5
3,2018,55,49,5
3,2018,65,58,5
3,2018,71,64,5
3,2018,74,66,5
3,2018,82,74,5
3,2018,83,75,5
3,2018,101,93,5
3,2018,103,95,5
3,2018,104,96,5
3,2018,121,106,5
3,2018,123,108,5
3,2018,130,114,5
3,2018,135,119,5
3,2018,137,121,5
3,2018,138,122,5
3,2018,144,128,5
3,2018,154,137,5
3,2018,157,140,5
3,2018,164,147,5
3,2018,166,149,5
3,2018,168,151,5
3,2018,181,159,5
3,2018,195,173,5
3,2018,208,184,5
3,2018,219,194,5
3,2018,220,195,5
3,2018,224,198,5
3,2018,228,202,5
3,2018,234,206,5
3,2018,236,208,5
3,2018,241,213,5
3,2018,254,225,5
3,2018,258,227,5
3,2018,272,233,5
3,2018,279,240,5
3,2018,281,242,5
3,2018,288,249,5
3,2018,291,252,5
3,2018,292,253,5
3,2018,314,273,5
3,2018,318,277,5
3,2018,320,279,5
3,2018,325,284,5
3,2018,327,286,5
3,2018,329,288,5
3,2018,333,291,5
3,2018,335,292,5
3,2018,340,294,5
3,2018,342,296,5
3,2018,346,297,5
3,2018,349,300,5
3,2018,354,305,5
3,2018,359,310,5
3,2018,362,313,5
3,2018,363,314,5
3,2018,369,320,5
3,2018,372,322,5
3,2018,381,331,5
3,2018,395,344,5
3,2018,399,348,5
3,2018,403,351,5
3,2018,405,352,5
3,2018,408,355,5
3,2018,409,356,5
3,2018,411,358,5
3,2018,412,359,5
3,2018,414,361,5
3,2018,415,362,5
3,2018,418,365,5
3,2018,419,366,5
3,2018,425,370,5
3,2018,426,371,5
3,2018,428,372,5
3,2018,433,375,5
3,2018,439,380,5
3,2018,447,388,5
3,2018,451,390,5
3,2018,453,392,5
3,2018,457,396,5
3,2018,460,397,5
3,2018,466,400,5
3,2018,467,401,5
3,2018,475,404,5
3,2019,9,9,5
3,2019,12,12,5
3,2019,34,31,5
3,2019,35,32,5
3,2019,39,36,5
3,2019,42,39,5
3,2019,50,44,5
3,2019,51,45,5
3,2019,62,55,5
3,2019,63,56,5
3,2019,69,62,5
3,2019,74,66,5
3,2019,78,70,5
3,2019,79,71,5
3,2019,98,90,5
3,2019,101,93,5
3,2019,102,94,5
3,2019,107,98,5
3,2019,108,99,5
3,2019,121,106,5
3,2019,126,110,5
3,2019,127,111,5
3,2019,132,116,5
3,2019,135,119,5
3,2019,136,120,5
3,2019,140,124,5
3,2019,141,125,5
3,2019,143,127,5
3,2019,147,130,5
3,2019,153,136,5
3,2019,156,139,5
3,2019,163,146,5
3,2019,165,148,5
3,2019,171,153,5
3,2019,172,154,5
3,2019,174,156,5
3,2019,184,162,5
3,2019,199,177,5
3,2019,208,184,5
3,2019,210,186,5
3,2019,212,188,5
3,2019,215,191,5
3,2019,217,192,5
3,2019,225,199,5
3,2019,228,202,5
3,2019,231,204,5
3,2019,261,229,5
3,2019,272,233,5
3,2019,273,234,5
3,2019,274,235,5
3,2019,275,236,5
3,2019,278,239,5
3,2019,280,241,5
3,2019,286,247,5
3,2019,288,249,5
3,2019,290,251,5
3,2019,291,252,5
3,2019,292,253,5
3,2019,294,255,5
3,2019,296,257,5
3,2019,300,260,5
3,2019,304,263,5
3,2019,309,268,5
3,2019,320,279,5
3,2019,331,290,5
3,2019,341,295,5
3,2019,347,298,5
3,2019,352,303,5
3,2019,355,306,5
3,2019,358,309,5
3,2019,360,311,5
3,2019,362,313,5
3,2019,364,315,5
3,2019,374,324,5
3,2019,377,327,5
3,2019,381,331,5
3,2019,384,334,5
3,2019,386,336,5
3,2019,389,338,5
3,2019,390,339,5
3,2019,392,341,5
3,2019,393,342,5
3,2019,399,348,5
3,2019,403,351,5
3,2019,408,355,5
3,2019,413,360,5
3,2019,417,364,5
3,2019,419,366,5
3,2019,429,373,5
3,2019,433,375,5
3,2019,435,376,5
3,2019,437,378,5
3,2019,438,379,5
3,2019,441,382,5
3,2019,442,383,5
3,2019,443,384,5
3,2019,457,396,5
3,2019,467,401,5
3,2019,474,403,5
3,2019,477,406,5
3,2020,1,1,5
3,2020,3,3,5
3,2020,7,7,5
3,2020,9,9,5
3,2020,12,12,5
3,2020,15,15,5
3,2020,16,16,5
3,2020,28,25,5
3,2020,29,26,5
3,2020,30,27,5
3,2020,33,30,5
3,2020,35,32,5
3,2020,37,34,5
3,2020,40,37,5
3,2020,52,46,5
3,2020,59,52,5
3,2020,62,55,5
3,2020,63,56,5
3,2020,65,58,5
3,2020,67,60,5
3,2020,79,71,5
3,2020,82,74,5
3,2020,87,79,5
3,2020,89,81,5
3,2020,98,90,5
3,2020,100,92,5
3,2020,101,93,5
3,2020,106,97,5
3,2020,107,98,5
3,2020,119,105,5
3,2020,129,113,5
3,2020,134,118,5
3,2020,148,131,5
3,2020,149,132,5
3,2020,150,133,5
3,2020,151,134,5
3,2020,152,135,5
3,2020,153,136,5
3,2020,157,140,5
3,2020,163,146,5
3,2020,173,155,5
3,2020,185,163,5
3,2020,192,170,5
3,2020,196,174,5
3,2020,198,176,5
3,2020,200,178,5
3,2020,205,181,5
3,2020,225,199,5
3,2020,228,202,5
3,2020,231,204,5
3,2020,244,216,5
3,2020,247,218,5
3,2020,249,220,5
3,2020,250,221,5
3,2020,254,225,5
3,2020,259,228,5
3,2020,261,229,5
3,2020,272,233,5
3,2020,284,245,5
3,2020,285,246,5
3,2020,287,248,5
3,2020,290,251,5
3,2020,295,256,5
3,2020,302,262,5
3,2020,304,263,5
3,2020,307,266,5
3,2020,309,268,5
3,2020,326,285,5
3,2020,329,288,5
3,2020,342,296,5
3,2020,352,303,5
3,2020,355,306,5
3,2020,356,307,5
3,2020,359,310,5
3,2020,362,313,5
3,2020,371,321,5
3,2020,373,323,5
3,2020,374,324,5
3,2020,376,326,5
3,2020,379,329,5
3,2020,381,331,5
3,2020,382,332,5
3,2020,384,334,5
3,2020,386,336,5
3,2020,393,342,5
3,2020,394,343,5
3,2020,396,345,5
3,2020,405,352,5
3,2020,417,364,5
3,2020,426,371,5
3,2020,433,375,5
3,2020,445,386,5
3,2020,452,391,5
3,2020,457,396,5
3,2020,460,397,5
3,2020,466,400,5
3,2020,475,404,5
3,2020,476,405,5
3,2020,478,407,5
3,2020,479,408,5
3,2021,3,3,5
3,2021,5,5,5
3,2021,7,7,5
3,2021,11,11,5
3,2021,12,12,5
3,2021,13,13,5
3,2021,19,19,5
3,2021,31,28,5
3,2021,34,31,5
3,2021,41,38,5
3,2021,51,45,5
3,2021,55,49,5
3,2021,64,57,5
3,2021,71,64,5
3,2021,74,66,5
3,2021,78,70,5
3,2021,79,71,5
3,2021,83,75,5
3,2021,91,83,5
3,2021,94,86,5
3,2021,95,87,5
3,2021,100,92,5
3,2021,107,98,5
3,2021,111,100,5
3,2021,113,102,5
3,2021,119,105,5
3,2021,127,111,5
3,2021,128,112,5
3,2021,134,118,5
3,2021,137,121,5
3,2021,142,126,5
3,2021,143,127,5
3,2021,147,130,5
3,2021,151,134,5
3,2021,155,138,5
3,2021,158,141,5
3,2021,172,154,5
3,2021,181,159,5
3,2021,186,164,5
3,2021,187,165,5
3,2021,190,168,5
3,2021,197,175,5
3,2021,198,176,5
3,2021,200,178,5
3,2021,201,179,5
3,2021,206,182,5
3,2021,207,183,5
3,2021,214,190,5
3,2021,227,201,5
3,2021,231,204,5
3,2021,232,205,5
3,2021,234,206,5
3,2021,236,208,5
3,2021,243,215,5
3,2021,272,233,5
3,2021,276,237,5
3,2021,278,239,5
3,2021,280,241,5
3,2021,283,244,5
3,2021,286,247,5
3,2021,288,249,5
3,2021,289,250,5
3,2021,291,252,5
3,2021,295,256,5
3,2021,298,258,5
3,2021,299,259,5
3,2021,316,275,5
3,2021,321,280,5
3,2021,326,285,5
3,2021,327,286,5
3,2021,328,287,5
3,2021,336,293,5
3,2021,346,297,5
3,2021,347,298,5
3,2021,350,301,5
3,2021,355,306,5
3,2021,356,307,5
3,2021,360,311,5
3,2021,364,315,5
3,2021,369,320,5
3,2021,372,322,5
3,2021,375,325,5
3,2021,382,332,5
3,2021,384,334,5
3,2021,387,337,5
3,2021,396,345,5
3,2021,398,347,5
3,2021,401,350,5
3,2021,411,358,5
3,2021,417,364,5
3,2021,422,367,5
3,2021,423,368,5
3,2021,428,372,5
3,2021,440,381,5
3,2021,442,383,5
3,2021,443,384,5
3,2021,446,387,5
3,2021,463,399,5
3,2021,474,403,5
3,2021,478,407,5
4,2017,507,26,5
4,2017,547,62,5
4,2017,576,84,5
4,2017,596,104,5
4,2017,598,106,5
4,2017,615,123,5
4,2017,699,194,5
4,2017,726,221,5
4,2017,736,231,5
4,2017,767,261,5
4,2017,772,265,5
4,2017,776,269,5
4,2017,847,337,5
4,2017,848,338,5
4,2017,896,384,5
4,2017,907,394,5
4,2017,922,409,5
4,2017,935,422,5
4,2017,937,424,5
4,2017,946,433,5
4,2017,967,453,5
4,2017,1004,489,5
4,2017,1020,503,5
4,2017,1075,554,5
4,2017,1088,567,5
4,2017,1153,631,5
4,2017,1174,652,5
4,2017,1210,688,5
4,2017,1226,704,5
4,2017,1266,740,5
4,2017,1295,769,5
4,2017,1303,776,5
4,2017,1309,782,5
4,2017,1388,861,5
4,2017,1399,871,5
4,2017,1412,884,5
4,2017,1414,886,5
4,2017,1431,903,5
4,2017,1441,913,5
4,2017,1456,928,5
4,2017,1484,956,5
4,2017,1507,979,5
4,2017,1508,980,5
4,2017,1519,991,5
4,2017,1563,1030,5
4,2017,1575,1042,5
4,2017,1599,1065,5
4,2017,1606,1072,5
4,2017,1612,1078,5
4,2017,1634,1100,5
4,2017,1660,1126,5
4,2017,1683,1148,5
4,2017,1685,1150,5
4,2017,1724,1188,5
4,2017,1748,1212,5
4,2017,1756,1219,5
4,2017,1798,1261,5
4,2017,1800,1263,5
4,2017,1857,1320,5
4,2017,1903,1365,5
4,2017,1914,1373,5
4,2017,2001,1458,5
4,2017,2005,1462,5
4,2017,2018,1475,5
4,2017,2113,1568,5
4,2017,2131,1585,5
4,2017,2195,1648,5
4,2017,2205,1658,5
4,2017,2215,1668,5
4,2017,2222,1673,5
4,2017,2241,1683,5
4,2017,2276,1717,5
4,2017,2291,1732,5
4,2017,2293,1734,5
4,2017,2306,1747,5
4,2017,2319,1758,5
4,2017,2345,1775,5
4,2017,2429,1859,5
4,2017,2431,1861,5
4,2017,2438,1866,5
4,2017,2439,1867,5
4,2017,2476,1903,5
4,2017,2495,1922,5
4,2017,2509,1936,5
4,2017,2511,1938,5
4,2017,2513,1940,5
4,2017,2514,1941,5
4,2017,2516,1943,5
4,2017,2538,1965,5
4,2017,2559,1986,5
4,2017,2606,2031,5
4,2017,2697,2116,5
4,2017,2712,2131,5
4,2017,2728,2147,5
4,2017,2740,2158,5
4,2017,2745,2163,5
4,2017,2758,2176,5
4,2017,2781,2198,5
4,2017,2803,2220,5
4,2017,2807,2224,5
4,2018,485,5,5
4,2018,492,12,5
4,2018,524,43,5
4,2018,551,65,5
4,2018,554,68,5
4,2018,565,73,5
4,2018,576,84,5
4,2018,589,97,5
4,2018,629,134,5
4,2018,694,189,5
4,2018,718,213,5
4,2018,782,275,5
4,2018,834,326,5
4,2018,847,337,5
4,2018,887,375,5
4,2018,941,428,5
4,2018,950,437,5
4,2018,961,447,5
4,2018,964,450,5
4,2018,1011,494,5
4,2018,1014,497,5
4,2018,1042,525,5
4,2018,1055,537,5
4,2018,1073,552,5
4,2018,1115,594,5
4,2018,1133,611,5
4,2018,1141,619,5
4,2018,1180,658,5
4,2018,1226,704,5
4,2018,1233,711,5
4,2018,1258,734,5
4,2018,1278,752,5
4,2018,1300,774,5
4,2018,1301,775,5
4,2018,1314,787,5
4,2018,1361,834,5
4,2018,1362,835,5
4,2018,1388,861,5
4,2018,1411,883,5
4,2018,1422,894,5
4,2018,1440,912,5
4,2018,1455,927,5
4,2018,1457,929,5
4,2018,1472,944,5
4,2018,1510,982,5
4,2018,1569,1036,5
4,2018,1571,1038,5
4,2018,1590,1056,5
4,2018,1603,1069,5
4,2018,1616,1082,5
4,2018,1645,1111,5
4,2018,1661,1127,5
4,2018,1666,1132,5
4,2018,1675,1140,5
4,2018,1727,1191,5
4,2018,1749,1213,5
4,2018,1771,1234,5
4,2018,1778,1241,5
4,2018,1781,1244,5
4,2018,1796,1259,5
4,2018,1811,1274,5
4,2018,1816,1279,5
4,2018,1835,1298,5
4,2018,1836,1299,5
4,2018,1849,1312,5
4,2018,1866,1328,5
4,2018,1890,1352,5
4,2018,1911,1370,5
4,2018,1968,1425,5
4,2018,1974,1431,5
4,2018,1989,1446,5
4,2018,2009,1466,5
4,2018,2039,1495,5
4,2018,2049,1505,5
4,2018,2060,1516,5
4,2018,2067,1523,5
4,2018,2125,1579,5
4,2018,2136,1590,5
4,2018,2144,1598,5
4,2018,2147,1601,5
4,2018,2154,1608,5
4,2018,2176,1629,5
4,2018,2193,1646,5
4,2018,2257,1699,5
4,2018,2283,1724,5
4,2018,2304,1745,5
4,2018,2377,1807,5
4,2018,2491,1918,5
4,2018,2512,1939,5
4,2018,2540,1967,5
4,2018,2561,1988,5
4,2018,2601,2026,5
4,2018,2604,2029,5
4,2018,2628,2049,5
4,2018,2674,2093,5
4,2018,2705,2124,5
4,2018,2724,2143,5
4,2018,2760,2178,5
4,2018,2810,2227,5
4,2018,2823,2240,5
4,2019,486,6,5
4,2019,501,20,5
4,2019,503,22,5
4,2019,523,42,5
4,2019,577,85,5
4,2019,584,92,5
4,2019,690,185,5
4,2019,697,192,5
4,2019,742,237,5
4,2019,746,241,5
4,2019,752,247,5
4,2019,759,253,5
4,2019,807,299,5
4,2019,827,319,5
4,2019,860,350,5
4,2019,885,373,5
4,2019,909,396,5
4,2019,944,431,5
4,2019,972,458,5
4,2019,984,469,5
4,2019,987,472,5
4,2019,1002,487,5
4,2019,1008,493,5
4,2019,1021,504,5
4,2019,1029,512,5
4,2019,1034,517,5
4,2019,1048,531,5
4,2019,1102,581,5
4,2019,1105,584,5
4,2019,1120,598,5
4,2019,1137,615,5
4,2019,1142,620,5
4,2019,1190,668,5
4,2019,1200,678,5
4,2019,1205,683,5
4,2019,1239,717,5
4,2019,1252,728,5
4,2019,1264,739,5
4,2019,1281,755,5
4,2019,1300,774,5
4,2019,1346,819,5
4,2019,1370,843,5
4,2019,1430,902,5
4,2019,1445,917,5
4,2019,1487,959,5
4,2019,1491,963,5
4,2019,1497,969,5
4,2019,1568,1035,5
4,2019,1569,1036,5
4,2019,1704,1169,5
4,2019,1706,1171,5
4,2019,1749,1213,5
4,2019,1770,1233,5
4,2019,1804,1267,5
4,2019,1815,1278,5
4,2019,1822,1285,5
4,2019,1833,1296,5
4,2019,1858,1321,5
4,2019,1894,1356,5
4,2019,1902,1364,5
4,2019,1930,1388,5
4,2019,1942,1399,5
4,2019,1985,1442,5
4,2019,2005,1462,5
4,2019,2030,1486,5
4,2019,2057,1513,5
4,2019,2061,1517,5
4,2019,2083,1538,5
4,2019,2138,1592,5
4,2019,2164,1618,5
4,2019,2165,1619,5
4,2019,2171,1624,5
4,2019,2179,1632,5
4,2019,2211,1664,5
4,2019,2250,1692,5
4,2019,2308,1749,5
4,2019,2335,1765,5
4,2019,2423,1853,5
4,2019,2446,1874,5
4,2019,2461,1889,5
4,2019,2470,1897,5
4,2019,2492,1919,5
4,2019,2494,1921,5
4,2019,2517,1944,5
4,2019,2525,1952,5
4,2019,2527,1954,5
4,2019,2529,1956,5
4,2019,2533,1960,5
4,2019,2567,1994,5
4,2019,2586,2011,5
4,2019,2601,2026,5
4,2019,2606,2031,5
4,2019,2691,2110,5
4,2019,2701,2120,5
4,2019,2724,2143,5
4,2019,2750,2168,5
4,2019,2768,2186,5
4,2019,2785,2202,5
4,2019,2802,2219,5
4,2019,2819,2236,5
4,2020,506,25,5
4,2020,510,29,5
4,2020,578,86,5
4,2020,603,111,5
4,2020,637,141,5
4,2020,700,195,5
4,2020,736,231,5
4,2020,770,264,5
4,2020,806,298,5
4,2020,819,311,5
4,2020,833,325,5
4,2020,884,372,5
4,2020,942,429,5
4,2020,984,469,5
4,2020,1003,488,5
4,2020,1023,506,5
4,2020,1038,521,5
4,2020,1077,556,5
4,2020,1084,563,5
4,2020,1090,569,5
4,2020,1114,593,5
4,2020,1142,620,5
4,2020,1165,643,5
4,2020,1190,668,5
4,2020,1192,670,5
4,2020,1201,679,5
4,2020,1254,730,5
4,2020,1276,750,5
4,2020,1278,752,5
4,2020,1317,790,5
4,2020,1338,811,5
4,2020,1339,812,5
4,2020,1340,813,5
4,2020,1345,818,5
4,2020,1396,868,5
4,2020,1402,874,5
4,2020,1436,908,5
4,2020,1464,936,5
4,2020,1470,942,5
4,2020,1474,946,5
4,2020,1489,961,5
4,2020,1492,964,5
4,2020,1495,967,5
4,2020,1504,976,5
4,2020,1519,991,5
4,2020,1552,1020,5
4,2020,1556,1024,5
4,2020,1604,1070,5
4,2020,1669,1135,5
4,2020,1689,1154,5
4,2020,1702,1167,5
4,2020,1728,1192,5
4,2020,1762,1225,5
4,2020,1814,1277,5
4,2020,1821,1284,5
4,2020,1845,1308,5
4,2020,1849,1312,5
4,2020,1880,1342,5
4,2020,1981,1438,5
4,2020,1982,1439,5
4,2020,2011,1468,5
4,2020,2012,1469,5
4,2020,2019,1476,5
4,2020,2036,1492,5
4,2020,2052,1508,5
4,2020,2139,1593,5
4,2020,2161,1615,5
4,2020,2162,1616,5
4,2020,2182,1635,5
4,2020,2219,1670,5
4,2020,2268,1710,5
4,2020,2298,1739,5
4,2020,2344,1774,5
4,2020,2349,1779,5
4,2020,2373,1803,5
4,2020,2383,1813,5
4,2020,2446,1874,5
4,2020,2468,1895,5
4,2020,2481,1908,5
4,2020,2490,1917,5
4,2020,2517,1944,5
4,2020,2519,1946,5
4,2020,2536,1963,5
4,2020,2554,1981,5
4,2020,2564,1991,5
4,2020,2569,1996,5
4,2020,2595,2020,5
4,2020,2667,2088,5
4,2020,2669,2090,5
4,2020,2687,2106,5
4,2020,2692,2111,5
4,2020,2694,2113,5
4,2020,2710,2129,5
4,2020,2745,2163,5
4,2020,2756,2174,5
4,2020,2765,2183,5
4,2020,2789,2206,5
4,2020,2802,2219,5
4,2020,2810,2227,5
4,2020,2821,2238,5
4,2021,495,14,5
4,2021,501,20,5
4,2021,508,27,5
4,2021,543,59,5
4,2021,571,79,5
4,2021,620,128,5
4,2021,658,156,5
4,2021,676,171,5
4,2021,692,187,5
4,2021,708,203,5
4,2021,732,227,5
4,2021,756,251,5
4,2021,761,255,5
4,2021,776,269,5
4,2021,845,335,5
4,2021,852,342,5
4,2021,906,393,5
4,2021,912,399,5
4,2021,926,413,5
4,2021,928,415,5
4,2021,931,418,5
4,2021,973,459,5
4,2021,1023,506,5
4,2021,1101,580,5
4,2021,1115,594,5
4,2021,1165,643,5
4,2021,1170,648,5
4,2021,1194,672,5
4,2021,1205,683,5
4,2021,1214,692,5
4,2021,1215,693,5
4,2021,1240,718,5
4,2021,1259,735,5
4,2021,1285,759,5
4,2021,1325,798,5
4,2021,1328,801,5
4,2021,1344,817,5
4,2021,1353,826,5
4,2021,1364,837,5
4,2021,1387,860,5
4,2021,1397,869,5
4,2021,1403,875,5
4,2021,1413,885,5
4,2021,1419,891,5
4,2021,1455,927,5
4,2021,1477,949,5
4,2021,1616,1082,5
4,2021,1618,1084,5
4,2021,1640,1106,5
4,2021,1666,1132,5
4,2021,1688,1153,5
4,2021,1726,1190,5
4,2021,1733,1197,5
4,2021,1740,1204,5
4,2021,1750,1214,5
4,2021,1766,1229,5
4,2021,1790,1253,5
4,2021,1874,1336,5
4,2021,1881,1343,5
4,2021,1897,1359,5
4,2021,1914,1373,5
4,2021,1935,1393,5
4,2021,1950,1407,5
4,2021,2012,1469,5
4,2021,2028,1484,5
4,2021,2031,1487,5
4,2021,2071,1527,5
4,2021,2200,1653,5
4,2021,2225,1676,5
4,2021,2243,1685,5
4,2021,2269,1711,5
4,2021,2275,1716,5
4,2021,2289,1730,5
4,2021,2304,1745,5
4,2021,2364,1794,5
4,2021,2390,1820,5
4,2021,2406,1836,5
4,2021,2426,1856,5
4,2021,2466,1893,5
4,2021,2504,1931,5
4,2021,2518,1945,5
4,2021,2523,1950,5
4,2021,2525,1952,5
4,2021,2536,1963,5
4,2021,2538,1965,5
4,2021,2570,1997,5
4,2021,2585,2010,5
4,2021,2591,2016,5
4,2021,2592,2017,5
4,2021,2616,2040,5
4,2021,2628,2049,5
4,2021,2652,2073,5
4,2021,2666,2087,5
4,2021,2691,2110,5
4,2021,2728,2147,5
4,2021,2732,2150,5
4,2021,2734,2152,5
4,2021,2749,2167,5
4,2021,2801,2218,5
4,2021,2826,2243,5
7,2017,3532,5,5
7,2017,3541,14,5
7,2017,3572,45,5
7,2017,3584,57,5
7,2017,3591,64,5
7,2017,3594,67,5
7,2017,3601,73,5
7,2017,3706,178,5
7,2017,3717,189,5
7,2017,3741,213,5
7,2017,3778,249,5
7,2017,3782,253,5
7,2017,3789,260,5
7,2017,3803,273,5
7,2017,3818,288,5
7,2017,3822,292,5
7,2017,3831,301,5
7,2017,3846,316,5
7,2017,3847,317,5
7,2017,3861,331,5
7,2017,3873,343,5
7,2017,3880,350,5
7,2017,3916,385,5
7,2017,3917,386,5
7,2017,3926,395,5
7,2017,3950,419,5
7,2017,4013,482,5
7,2017,4033,502,5
7,2017,4050,518,5
7,2017,4075,543,5
7,2017,4104,572,5
7,2017,4119,587,5
7,2017,4126,594,5
7,2017,4141,608,5
7,2017,4148,615,5
7,2017,4158,625,5
7,2017,4166,633,5
7,2017,4239,702,5
7,2017,4247,710,5
7,2017,4254,717,5
7,2017,4258,721,5
7,2017,4297,756,5
7,2017,4351,805,5
7,2017,4358,810,5
7,2017,4376,827,5
7,2017,4418,865,5
7,2017,4425,872,5
7,2017,4447,894,5
7,2017,4461,907,5
7,2017,4504,948,5
7,2017,4509,953,5
7,2017,4522,966,5
7,2017,4527,971,5
7,2017,4531,975,5
7,2017,4538,982,5
7,2017,4589,1031,5
7,2017,4626,1066,5
7,2017,4645,1085,5
7,2017,4658,1098,5
7,2017,4660,1100,5
7,2017,4677,1117,5
7,2017,4678,1118,5
7,2017,4717,1157,5
7,2017,4719,1159,5
7,2017,4750,1190,5
7,2017,4808,1245,5
7,2017,4845,1282,5
7,2017,4860,1296,5
7,2017,4879,1313,5
7,2017,4896,1330,5
7,2017,5009,1441,5
7,2017,5012,1444,5
7,2017,5013,1445,5
7,2017,5034,1463,5
7,2017,5043,1471,5
7,2017,5048,1475,5
7,2017,5064,1491,5
7,2017,5067,1493,5
7,2017,5104,1530,5
7,2017,5136,1561,5
7,2017,5137,1562,5
7,2017,5145,1570,5
7,2017,5155,1578,5
7,2017,5156,1579,5
7,2017,5177,1600,5
7,2017,5178,1601,5
7,2017,5185,1608,5
7,2017,5206,1629,5
7,2017,5209,1632,5
7,2017,5213,1636,5
7,2017,5217,1640,5
7,2017,5220,1643,5
7,2017,5248,1671,5
7,2017,5280,1700,5
7,2017,5286,1706,5
7,2017,5301,1721,5
7,2017,5302,1722,5
7,2017,5304,1724,5
7,2017,5357,1764,5
7,2017,5365,1772,5
7,2018,3527,0,5
7,2018,3574,47,5
7,2018,3623,95,5
7,2018,3697,169,5
7,2018,3703,175,5
7,2018,3708,180,5
7,2018,3709,181,5
7,2018,3771,242,5
7,2018,3807,277,5
7,2018,3809,279,5
7,2018,3827,297,5
7,2018,3900,369,5
7,2018,3905,374,5
7,2018,3929,398,5
7,2018,3943,412,5
7,2018,3985,454,5
7,2018,4008,477,5
7,2018,4015,484,5
7,2018,4040,508,5
7,2018,4041,509,5
7,2018,4046,514,5
7,2018,4047,515,5
7,2018,4057,525,5
7,2018,4064,532,5
7,2018,4086,554,5
7,2018,4097,565,5
7,2018,4114,582,5
7,2018,4164,631,5
7,2018,4167,634,5
7,2018,4170,637,5
7,2018,4176,643,5
7,2018,4242,705,5
7,2018,4260,723,5
7,2018,4272,735,5
7,2018,4277,740,5
7,2018,4286,749,5
7,2018,4288,751,5
7,2018,4290,753,5
7,2018,4300,759,5
7,2018,4309,768,5
7,2018,4321,780,5
7,2018,4334,793,5
7,2018,4362,814,5
7,2018,4374,825,5
7,2018,4390,838,5
7,2018,4397,845,5
7,2018,4408,855,5
7,2018,4412,859,5
7,2018,4434,881,5
7,2018,4456,902,5
7,2018,4476,921,5
7,2018,4480,925,5
7,2018,4483,928,5
7,2018,4492,937,5
7,2018,4523,967,5
7,2018,4530,974,5
7,2018,4531,975,5
7,2018,4539,983,5
7,2018,4555,999,5
7,2018,4582,1024,5
7,2018,4660,1100,5
7,2018,4679,1119,5
7,2018,4691,1131,5
7,2018,4692,1132,5
7,2018,4695,1135,5
7,2018,4738,1178,5
7,2018,4742,1182,5
7,2018,4755,1195,5
7,2018,4792,1229,5
7,2018,4803,1240,5
7,2018,4805,1242,5
7,2018,4807,1244,5
7,2018,4821,1258,5
7,2018,4829,1266,5
7,2018,4855,1291,5
7,2018,4864,1300,5
7,2018,4881,1315,5
7,2018,4883,1317,5
7,2018,4898,1332,5
7,2018,4903,1337,5
7,2018,4911,1345,5
7,2018,4926,1360,5
7,2018,4943,1377,5
7,2018,5007,1439,5
7,2018,5017,1447,5
7,2018,5018,1448,5
7,2018,5031,1460,5
7,2018,5113,1539,5
7,2018,5127,1552,5
7,2018,5140,1565,5
7,2018,5158,1581,5
7,2018,5197,1620,5
7,2018,5199,1622,5
7,2018,5200,1623,5
7,2018,5216,1639,5
7,2018,5217,1640,5
7,2018,5226,1649,5
7,2018,5246,1669,5
7,2018,5250,1673,5
7,2018,5328,1744,5
7,2019,3533,6,5
7,2019,3539,12,5
7,2019,3546,19,5
7,2019,3553,26,5
7,2019,3554,27,5
7,2019,3567,40,5
7,2019,3602,74,5
7,2019,3604,76,5
7,2019,3658,130,5
7,2019,3669,141,5
7,2019,3738,210,5
7,2019,3739,211,5
7,2019,3755,226,5
7,2019,3764,235,5
7,2019,3795,265,5
7,2019,3817,287,5
7,2019,3854,324,5
7,2019,3883,353,5
7,2019,3885,355,5
7,2019,3886,356,5
7,2019,3891,360,5
7,2019,3923,392,5
7,2019,3974,443,5
7,2019,3983,452,5
7,2019,3986,455,5
7,2019,3988,457,5
7,2019,3998,467,5
7,2019,4023,492,5
7,2019,4043,511,5
7,2019,4084,552,5
7,2019,4085,553,5
7,2019,4086,554,5
7,2019,4122,590,5
7,2019,4123,591,5
7,2019,4162,629,5
7,2019,4170,637,5
7,2019,4186,653,5
7,2019,4205,668,5
7,2019,4216,679,5
7,2019,4256,719,5
7,2019,4299,758,5
7,2019,4302,761,5
7,2019,4310,769,5
7,2019,4322,781,5
7,2019,4326,785,5
7,2019,4345,801,5
7,2019,4361,813,5
7,2019,4374,825,5
7,2019,4400,848,5
7,2019,4418,865,5
7,2019,4422,869,5
7,2019,4423,870,5
7,2019,4425,872,5
7,2019,4435,882,5
7,2019,4494,939,5
7,2019,4513,957,5
7,2019,4540,984,5
7,2019,4541,985,5
7,2019,4543,987,5
7,2019,4548,992,5
7,2019,4574,1016,5
7,2019,4614,1054,5
7,2019,4640,1080,5
7,2019,4675,1115,5
7,2019,4682,1122,5
7,2019,4684,1124,5
7,2019,4710,1150,5
7,2019,4733,1173,5
7,2019,4740,1180,5
7,2019,4750,1190,5
7,2019,4764,1204,5
7,2019,4769,1209,5
7,2019,4806,1243,5
7,2019,4823,1260,5
7,2019,4852,1288,5
7,2019,4925,1359,5
7,2019,4951,1385,5
7,2019,4953,1387,5
7,2019,4982,1414,5
7,2019,4984,1416,5
7,2019,4991,1423,5
7,2019,5010,1442,5
7,2019,5013,1445,5
7,2019,5031,1460,5
7,2019,5039,1468,5
7,2019,5052,1479,5
7,2019,5061,1488,5
7,2019,5087,1513,5
7,2019,5102,1528,5
7,2019,5104,1530,5
7,2019,5127,1552,5
7,2019,5168,1591,5
7,2019,5225,1648,5
7,2019,5241,1664,5
7,2019,5249,1672,5
7,2019,5281,1701,5
7,2019,5313,1729,5
7,2019,5320,1736,5
7,2019,5366,1773,5
7,2019,5378,1782,5
7,2020,3527,0,5
7,2020,3534,7,5
7,2020,3543,16,5
7,2020,3544,17,5
7,2020,3561,34,5
7,2020,3571,44,5
7,2020,3581,54,5
7,2020,3598,70,5
7,2020,3611,83,5
7,2020,3612,84,5
7,2020,3634,106,5
7,2020,3642,114,5
7,2020,3668,140,5
7,2020,3677,149,5
7,2020,3686,158,5
7,2020,3693,165,5
7,2020,3711,183,5
7,2020,3741,213,5
7,2020,3744,216,5
7,2020,3750,221,5
7,2020,3775,246,5
7,2020,3779,250,5
7,2020,3780,251,5
7,2020,3825,295,5
7,2020,3845,315,5
7,2020,3864,334,5
7,2020,3868,338,5
7,2020,3897,366,5
7,2020,3902,371,5
7,2020,3951,420,5
7,2020,3971,440,5
7,2020,3975,444,5
7,2020,4001,470,5
7,2020,4033,502,5
7,2020,4081,549,5
7,2020,4106,574,5
7,2020,4141,608,5
7,2020,4154,621,5
7,2020,4180,647,5
7,2020,4197,663,5
7,2020,4210,673,5
7,2020,4213,676,5
7,2020,4245,708,5
7,2020,4249,712,5
7,2020,4256,719,5
7,2020,4267,730,5
7,2020,4288,751,5
7,2020,4297,756,5
7,2020,4333,792,5
7,2020,4345,801,5
7,2020,4398,846,5
7,2020,4403,851,5
7,2020,4414,861,5
7,2020,4481,926,5
7,2020,4493,938,5
7,2020,4538,982,5
7,2020,4539,983,5
7,2020,4568,1011,5
7,2020,4570,1012,5
7,2020,4573,1015,5
7,2020,4584,1026,5
7,2020,4588,1030,5
7,2020,4607,1047,5
7,2020,4609,1049,5
7,2020,4633,1073,5
7,2020,4637,1077,5
7,2020,4638,1078,5
7,2020,4647,1087,5
7,2020,4684,1124,5
7,2020,4729,1169,5
7,2020,4734,1174,5
7,2020,4736,1176,5
7,2020,4737,1177,5
7,2020,4755,1195,5
7,2020,4757,1197,5
7,2020,4783,1223,5
7,2020,4804,1241,5
7,2020,4826,1263,5
7,2020,4828,1265,5
7,2020,4860,1296,5
7,2020,4877,1311,5
7,2020,4880,1314,5
7,2020,4884,1318,5
7,2020,4940,1374,5
7,2020,4941,1375,5
7,2020,4994,1426,5
7,2020,5020,1450,5
7,2020,5021,1451,5
7,2020,5026,1455,5
7,2020,5034,1463,5
7,2020,5066,1492,5
7,2020,5095,1521,5
7,2020,5109,1535,5
7,2020,5156,1579,5
7,2020,5181,1604,5
7,2020,5182,1605,5
7,2020,5233,1656,5
7,2020,5302,1722,5
7,2020,5311,1728,5
7,2020,5354,1761,5
7,2021,3531,4,5
7,2021,3539,12,5
7,2021,3540,13,5
7,2021,3550,23,5
7,2021,3554,27,5
7,2021,3617,89,5
7,2021,3618,90,5
7,2021,3620,92,5
7,2021,3632,104,5
7,2021,3699,171,5
7,2021,3704,176,5
7,2021,3708,180,5
7,2021,3710,182,5
7,2021,3711,183,5
7,2021,3729,201,5
7,2021,3782,253,5
7,2021,3786,257,5
7,2021,3787,258,5
7,2021,3795,265,5
7,2021,3821,291,5
7,2021,3825,295,5
7,2021,3836,306,5
7,2021,3879,349,5
7,2021,3912,381,5
7,2021,3918,387,5
7,2021,3919,388,5
7,2021,4000,469,5
7,2021,4032,501,5
7,2021,4063,531,5
7,2021,4101,569,5
7,2021,4106,574,5
7,2021,4150,617,5
7,2021,4169,636,5
7,2021,4187,654,5
7,2021,4198,664,5
7,2021,4276,739,5
7,2021,4278,741,5
7,2021,4288,751,5
7,2021,4295,755,5
7,2021,4314,773,5
7,2021,4320,779,5
7,2021,4332,791,5
7,2021,4351,805,5
7,2021,4390,838,5
7,2021,4416,863,5
7,2021,4489,934,5
7,2021,4493,938,5
7,2021,4528,972,5
7,2021,4559,1002,5
7,2021,4579,1021,5
7,2021,4597,1039,5
7,2021,4600,1042,5
7,2021,4618,1058,5
7,2021,4623,1063,5
7,2021,4644,1084,5
7,2021,4645,1085,5
7,2021,4696,1136,5
7,2021,4697,1137,5
7,2021,4699,1139,5
7,2021,4707,1147,5
7,2021,4734,1174,5
7,2021,4750,1190,5
7,2021,4810,1247,5
7,2021,4815,1252,5
7,2021,4816,1253,5
7,2021,4819,1256,5
7,2021,4829,1266,5
7,2021,4899,1333,5
7,2021,4900,1334,5
7,2021,4915,1349,5
7,2021,4922,1356,5
7,2021,4936,1370,5
7,2021,4966,1399,5
7,2021,4969,1402,5
7,2021,4986,1418,5
7,2021,4996,1428,5
7,2021,5027,1456,5
7,2021,5035,1464,5
7,2021,5038,1467,5
7,2021,5043,1471,5
7,2021,5045,1472,5
7,2021,5064,1491,5
7,2021,5077,1503,5
7,2021,5083,1509,5
7,2021,5098,1524,5
7,2021,5100,1526,5
7,2021,5102,1528,5
7,2021,5145,1570,5
7,2021,5159,1582,5
7,2021,5191,1614,5
7,2021,5208,1631,5
7,2021,5246,1669,5
7,2021,5271,1691,5
7,2021,5272,1692,5
7,2021,5325,1741,5
7,2021,5326,1742,5
7,2021,5357,1764,5
7,2021,5379,1783,5
7,2021,5380,1784,5
7,2021,5384,1786,5
11,2017,6936,5,5
11,2017,6945,13,5
11,2017,6962,29,5
11,2017,6965,32,5
11,2017,6975,42,5
11,2017,6979,44,5
11,2017,6987,52,5
11,2017,6993,57,5
11,2017,7003,65,5
11,2017,7004,66,5
11,2017,7005,67,5
11,2017,7012,74,5
11,2017,7020,82,5
11,2017,7026,87,5
11,2017,7032,93,5
11,2017,7050,108,5
11,2017,7051,109,5
11,2017,7053,111,5
11,2017,7061,118,5
11,2017,7062,119,5
11,2017,7068,125,5
11,2017,7072,129,5
11,2017,7084,138,5
11,2017,7089,143,5
11,2017,7097,151,5
11,2017,7099,153,5
11,2017,7100,154,5
11,2017,7104,157,5
11,2017,7107,160,5
11,2017,7108,161,5
11,2017,7118,169,5
11,2017,7144,192,5
11,2017,7167,208,5
11,2017,7168,209,5
11,2017,7177,215,5
11,2017,7183,221,5
11,2017,7195,232,5
11,2017,7208,241,5
11,2017,7217,248,5
11,2017,7223,254,5
11,2017,7229,258,5
11,2017,7233,262,5
11,2017,7248,275,5
11,2017,7249,276,5
11,2017,7262,288,5
11,2017,7271,294,5
11,2017,7275,296,5
11,2017,7276,297,5
11,2017,7284,303,5
11,2017,7298,317,5
11,2017,7302,321,5
11,2017,7322,340,5
11,2017,7324,342,5
11,2017,7325,343,5
11,2017,7327,345,5
11,2017,7329,347,5
11,2017,7335,351,5
11,2017,7338,354,5
11,2017,7346,361,5
11,2017,7354,368,5
11,2017,7358,372,5
11,2017,7367,381,5
11,2017,7379,393,5
11,2017,7386,399,5
11,2017,7387,400,5
11,2017,7389,402,5
11,2017,7390,403,5
11,2017,7391,404,5
11,2017,7397,410,5
11,2017,7406,419,5
11,2017,7409,422,5
11,2017,7415,428,5
11,2017,7416,429,5
11,2017,7424,437,5
11,2017,7425,438,5
11,2017,7430,443,5
11,2017,7434,446,5
11,2017,7443,455,5
11,2017,7445,457,5
11,2017,7449,461,5
11,2017,7451,462,5
11,2017,7459,470,5
11,2017,7463,474,5
11,2017,7471,482,5
11,2017,7474,485,5
11,2017,7486,496,5
11,2017,7488,498,5
11,2017,7503,512,5
11,2017,7506,515,5
11,2017,7558,565,5
11,2017,7559,566,5
11,2017,7562,569,5
11,2017,7577,577,5
11,2017,7584,583,5
11,2017,7592,588,5
11,2017,7594,590,5
11,2017,7596,592,5
11,2017,7601,596,5
11,2017,7630,621,5
11,2017,7639,626,5
11,2018,6932,1,5
11,2018,6939,8,5
11,2018,6950,17,5
11,2018,6951,18,5
11,2018,6952,19,5
11,2018,6959,26,5
11,2018,6983,48,5
11,2018,6986,51,5
11,2018,6988,53,5
11,2018,6993,57,5
11,2018,7003,65,5
11,2018,7010,72,5
11,2018,7024,86,5
11,2018,7026,87,5
11,2018,7027,88,5
11,2018,7032,93,5
11,2018,7034,94,5
11,2018,7035,95,5
11,2018,7037,97,5
11,2018,7052,110,5
11,2018,7054,112,5
11,2018,7066,123,5
11,2018,7091,145,5
11,2018,7094,148,5
11,2018,7095,149,5
11,2018,7107,160,5
11,2018,7117,168,5
11,2018,7123,172,5
11,2018,7125,174,5
11,2018,7132,180,5
11,2018,7137,185,5
11,2018,7139,187,5
11,2018,7144,192,5
11,2018,7152,198,5
11,2018,7173,211,5
11,2018,7176,214,5
11,2018,7195,232,5
11,2018,7197,234,5
11,2018,7205,238,5
11,2018,7217,248,5
11,2018,7220,251,5
11,2018,7254,281,5
11,2018,7262,288,5
11,2018,7274,295,5
11,2018,7276,297,5
11,2018,7278,299,5
11,2018,7282,301,5
11,2018,7287,306,5
11,2018,7296,315,5
11,2018,7304,323,5
11,2018,7308,327,5
11,2018,7319,338,5
11,2018,7326,344,5
11,2018,7327,345,5
11,2018,7342,357,5
11,2018,7343,358,5
11,2018,7344,359,5
11,2018,7348,363,5
11,2018,7362,376,5
11,2018,7372,386,5
11,2018,7373,387,5
11,2018,7380,394,5
11,2018,7385,398,5
11,2018,7396,409,5
11,2018,7401,414,5
11,2018,7418,431,5
11,2018,7423,436,5
11,2018,7424,437,5
11,2018,7434,446,5
11,2018,7435,447,5
11,2018,7436,448,5
11,2018,7443,455,5
11,2018,7453,464,5
11,2018,7466,477,5
11,2018,7472,483,5
11,2018,7473,484,5
11,2018,7474,485,5
11,2018,7477,488,5
11,2018,7478,489,5
11,2018,7480,491,5
11,2018,7510,519,5
11,2018,7517,526,5
11,2018,7520,529,5
11,2018,7535,543,5
11,2018,7538,546,5
11,2018,7540,548,5
11,2018,7546,554,5
11,2018,7553,560,5
11,2018,7557,564,5
11,2018,7574,574,5
11,2018,7578,578,5
11,2018,7580,580,5
11,2018,7583,582,5
11,2018,7590,586,5
11,2018,7599,594,5
11,2018,7607,601,5
11,2018,7616,610,5
11,2018,7617,611,5
11,2018,7625,616,5
11,2018,7638,625,5
11,2019,6931,0,5
11,2019,6932,1,5
11,2019,6933,2,5
11,2019,6939,8,5
11,2019,6944,12,5
11,2019,6951,18,5
11,2019,6972,39,5
11,2019,6973,40,5
11,2019,6975,42,5
11,2019,6980,45,5
11,2019,6982,47,5
11,2019,6983,48,5
11,2019,6984,49,5
11,2019,6999,61,5
11,2019,7002,64,5
11,2019,7007,69,5
11,2019,7011,73,5
11,2019,7013,75,5
11,2019,7014,76,5
11,2019,7015,77,5
11,2019,7049,107,5
11,2019,7050,108,5
11,2019,7054,112,5
11,2019,7057,115,5
11,2019,7084,138,5
11,2019,7090,144,5
11,2019,7093,147,5
11,2019,7094,148,5
11,2019,7096,150,5
11,2019,7098,152,5
11,2019,7125,174,5
11,2019,7133,181,5
11,2019,7138,186,5
11,2019,7151,197,5
11,2019,7152,198,5
11,2019,7160,202,5
11,2019,7173,211,5
11,2019,7188,225,5
11,2019,7190,227,5
11,2019,7192,229,5
11,2019,7197,234,5
11,2019,7205,238,5
11,2019,7223,254,5
11,2019,7237,266,5
11,2019,7266,291,5
11,2019,7270,293,5
11,2019,7276,297,5
11,2019,7286,305,5
11,2019,7293,312,5
11,2019,7304,323,5
11,2019,7314,333,5
11,2019,7316,335,5
11,2019,7317,336,5
11,2019,7326,344,5
11,2019,7327,345,5
11,2019,7345,360,5
11,2019,7348,363,5
11,2019,7356,370,5
11,2019,7359,373,5
11,2019,7366,380,5
11,2019,7378,392,5
11,2019,7381,395,5
11,2019,7391,404,5
11,2019,7394,407,5
11,2019,7396,409,5
11,2019,7409,422,5
11,2019,7410,423,5
11,2019,7416,429,5
11,2019,7428,441,5
11,2019,7433,445,5
11,2019,7435,447,5
11,2019,7440,452,5
11,2019,7446,458,5
11,2019,7449,461,5
11,2019,7458,469,5
11,2019,7464,475,5
11,2019,7465,476,5
11,2019,7477,488,5
11,2019,7488,498,5
11,2019,7494,503,5
11,2019,7504,513,5
11,2019,7512,521,5
11,2019,7513,522,5
11,2019,7514,523,5
11,2019,7515,524,5
11,2019,7517,526,5
11,2019,7525,534,5
11,2019,7527,536,5
11,2019,7554,561,5
11,2019,7558,565,5
11,2019,7561,568,5
11,2019,7562,569,5
11,2019,7574,574,5
11,2019,7577,577,5
11,2019,7590,586,5
11,2019,7607,601,5
11,2019,7616,610,5
11,2019,7618,612,5
11,2019,7628,619,5
11,2019,7638,625,5
11,2020,6936,5,5
11,2020,6937,6,5
11,2020,6938,7,5
11,2020,6944,12,5
11,2020,6954,21,5
11,2020,6960,27,5
11,2020,6967,34,5
11,2020,6973,40,5
11,2020,6986,51,5
11,2020,6988,53,5
11,2020,6991,55,5
11,2020,6993,57,5
11,2020,6995,58,5
11,2020,6997,59,5
11,2020,6998,60,5
11,2020,7003,65,5
11,2020,7008,70,5
11,2020,7015,77,5
11,2020,7034,94,5
11,2020,7048,106,5
11,2020,7059,117,5
11,2020,7075,132,5
11,2020,7079,134,5
11,2020,7089,143,5
11,2020,7093,147,5
11,2020,7123,172,5
11,2020,7124,173,5
11,2020,7127,176,5
11,2020,7140,188,5
11,2020,7147,193,5
11,2020,7150,196,5
11,2020,7171,210,5
11,2020,7176,214,5
11,2020,7180,218,5
11,2020,7191,228,5
11,2020,7206,239,5
11,2020,7210,243,5
11,2020,7221,252,5
11,2020,7229,258,5
11,2020,7233,262,5
11,2020,7241,268,5
11,2020,7242,269,5
11,2020,7250,277,5
11,2020,7253,280,5
11,2020,7259,285,5
11,2020,7260,286,5
11,2020,7262,288,5
11,2020,7264,289,5
11,2020,7266,291,5
11,2020,7290,309,5
11,2020,7299,318,5
11,2020,7307,326,5
11,2020,7310,329,5
11,2020,7311,330,5
11,2020,7333,350,5
11,2020,7335,351,5
11,2020,7340,355,5
11,2020,7343,358,5
11,2020,7348,363,5
11,2020,7351,365,5
11,2020,7357,371,5
11,2020,7362,376,5
11,2020,7371,385,5
11,2020,7378,392,5
11,2020,7394,407,5
11,2020,7399,412,5
11,2020,7402,415,5
11,2020,7411,424,5
11,2020,7419,432,5
11,2020,7421,434,5
11,2020,7435,447,5
11,2020,7439,451,5
11,2020,7440,452,5
11,2020,7442,454,5
11,2020,7448,460,5
11,2020,7458,469,5
11,2020,7459,470,5
11,2020,7464,475,5
11,2020,7467,478,5
11,2020,7468,479,5
11,2020,7484,494,5
11,2020,7486,496,5
11,2020,7510,519,5
11,2020,7511,520,5
11,2020,7517,526,5
11,2020,7521,530,5
11,2020,7525,534,5
11,2020,7533,541,5
11,2020,7535,543,5
11,2020,7542,550,5
11,2020,7546,554,5
11,2020,7556,563,5
11,2020,7576,576,5
11,2020,7585,584,5
11,2020,7586,585,5
11,2020,7595,591,5
11,2020,7619,613,5
11,2020,7625,616,5
11,2020,7628,619,5
11,2020,7642,629,5
11,2021,6931,0,5
11,2021,6932,1,5
11,2021,6934,3,5
11,2021,6948,15,5
11,2021,6950,17,5
11,2021,6955,22,5
11,2021,6973,40,5
11,2021,6983,48,5
11,2021,6985,50,5
11,2021,7007,69,5
11,2021,7012,74,5
11,2021,7014,76,5
11,2021,7017,79,5
11,2021,7020,82,5
11,2021,7026,87,5
11,2021,7028,89,5
11,2021,7031,92,5
11,2021,7037,97,5
11,2021,7043,101,5
11,2021,7056,114,5
11,2021,7062,119,5
11,2021,7064,121,5
11,2021,7075,132,5
11,2021,7084,138,5
11,2021,7086,140,5
11,2021,7090,144,5
11,2021,7091,145,5
11,2021,7093,147,5
11,2021,7096,150,5
11,2021,7137,185,5
11,2021,7140,188,5
11,2021,7147,193,5
11,2021,7166,207,5
11,2021,7175,213,5
11,2021,7177,215,5
11,2021,7178,216,5
11,2021,7180,218,5
11,2021,7182,220,5
11,2021,7196,233,5
11,2021,7203,236,5
11,2021,7212,244,5
11,2021,7215,246,5
11,2021,7236,265,5
11,2021,7241,268,5
11,2021,7248,275,5
11,2021,7250,277,5
11,2021,7252,279,5
11,2021,7256,282,5
11,2021,7265,290,5
11,2021,7268,292,5
11,2021,7271,294,5
11,2021,7276,297,5
11,2021,7278,299,5
11,2021,7280,300,5
11,2021,7285,304,5
11,2021,7295,314,5
11,2021,7298,317,5
11,2021,7303,322,5
11,2021,7312,331,5
11,2021,7314,333,5
11,2021,7320,339,5
11,2021,7328,346,5
11,2021,7343,358,5
11,2021,7351,365,5
11,2021,7357,371,5
11,2021,7364,378,5
11,2021,7365,379,5
11,2021,7368,382,5
11,2021,7383,396,5
11,2021,7384,397,5
11,2021,7401,414,5
11,2021,7404,417,5
11,2021,7412,425,5
11,2021,7415,428,5
11,2021,7421,434,5
11,2021,7434,446,5
11,2021,7441,453,5
11,2021,7444,456,5
11,2021,7446,458,5
11,2021,7455,466,5
11,2021,7467,478,5
11,2021,7468,479,5
11,2021,7491,501,5
11,2021,7502,511,5
11,2021,7508,517,5
11,2021,7517,526,5
11,2021,7519,528,5
11,2021,7520,529,5
11,2021,7527,536,5
11,2021,7537,545,5
11,2021,7542,550,5
11,2021,7551,558,5
11,2021,7566,572,5
11,2021,7580,580,5
11,2021,7585,584,5
11,2021,7595,591,5
11,2021,7607,601,5
11,2021,7613,607,5
11,2021,7615,609,5
11,2021,7640,627,5
